post_id,post_karma,user_name,num_comments
s1pq6q,11,Poolofcheddar,2
s1qfo3,7,No-Transition-6630,0
s1pbiy,24,throw_itback_away,7
s1q4xd,12,Cakelord,0
s1pyi2,1,fruitpuffs4ever,0
s1qhdk,11,Bhamrentalhelp,0
s1pg75,7,Snoo_40410,0
s1qbnt,1,thoraway2042,1
s1p8q8,10,caseyneistatfangirl,0
s1ppob,1,quitfeelingbad,1
s1psvi,1,DoinIt2021,1
s1pbze,3,NuttyNugget1992,1
s1pyof,6,Toxic_plato,0
s1pkcw,1,toppestofjejes,0
s1qhed,10,mirage_porkchops,3
s1q8hx,70,Ok-Attitude-6858,3
s1pavi,16,ObiWannaDoYou74,1
s1pqsp,1,RoseCityTID16,3
s1q35g,7,mandishere,1
s1qeki,46,flavius_lacivious,5
s1phq6,10,Scared_Painter8356,6
s1py0h,8,FlatLadder,7
s1pwob,8,SuddenManagement2850,5
s1q5al,4,thursdays_taco,6
s1plre,19,pancakebatter500,3
s1pygf,27,scssypants,9
s1pz15,22,Feral-Librarian,3
s1qifm,8,VishSahaPrana,4
s1pu51,2,Disneyfan722,1
s1q54p,28,hangGlider2019,2
s1pd39,5,Early_Yogurtcloset23,6
s1pha5,8,strongholdbk_78,7
s1pbju,24,haemaker,1
s1pj2j,15,ghost9798,6
s1pu3e,63,CaptainCanuck13,17
s1q67b,51,adammario6556,6
s1pc8e,8,R3fl3x696,8
s1q796,2,Thebuicon,0
s1q5fn,13,LoadMaleficent710,13
s1puap,38,local_ccryptid,12
s1q8c0,13,Adorable-Ad4774,14
s1q2vd,25,tokyoaro,3
s1q0ie,55,NevadaFlint,19
s1pz9j,46,BeReasonableReddit,10
s1pam0,5,baintaintit,21
s1p7gz,603,bettleheimderks,16
s1peha,123,SendMeBiscuitsPls,18
s1qebu,13,Sensitive_Dig7955,8
s1q9oe,235,thealice73,14
s1q1f5,163,Internationa_Mudlark,13
s1psnr,4,cagedbird4,6
s1qkfu,11,ElectricalSnakeOil,5
s1plg1,3,bluebrindleivy,1
s1q3cd,5,theepicduke,2
s1qe2u,109,FanGlum529,21
s1pi0e,1,ABOVEWING,6
s1p9ff,3493,ElectronicLiving7342,39
s1pb0k,22,Lameador,42
s1prvt,1780,Blu_Falcon,39
s1pqwa,5,Pherdl,0
s1p9hy,1,Warrick123x,1
s1q55p,11,Dragon_Desu,6
s1q80s,2,Deep-Jump-803,0
s1pxhk,1994,Far_Entrepreneur3996,44
s1pgkb,284,babymaker666,107
s1pan0,30,Perfect_Seaweed_656,74
s1pqga,9591,Dragonwick,202
s1qeqc,3125,Iron-Doggo,286
s1pnt4,22991,vyme,995
s1o5ma,14,helloworld082,0
s1oy0e,5,that_blue-guy,1
s1nt8p,5,vanessarichter,4
s1nrqt,3,trueslicky,0
s1ohl7,25,asen932,3
s1nw66,43,Biggest-Bannana-Man,1
s1ov4w,1,igaveitupforgood,3
s1oa4l,10,NotSoSnarky,4
s1p20z,0,Fast_Heat_1258,0
s1odk0,12,Pacific_Casual,2
s1o04b,22,theeclecticmayhem,4
s1o79v,13,basementmatt,2
s1oywp,36,recmajkemi,2
s1nr8e,1,spongeforest,0
s1nnyc,1,adminnyakaka,0
s1o627,14,MadamMyztery,6
s1oc3h,7,anarchaAbsurdist,0
s1ox33,13,SmoothAardvark2442,5
s1o178,1,ajames54,10
s1ohx8,2,threebillion6,2
s1ofkz,29,MTG_Stuffies,2
s1nm6x,5,jsdgame,7
s1nt8c,19,DawnTheDaringDangers,3
s1p1zx,1,igaveitupforgood,1
s1nrxv,21,MRF1982,8
s1o7rq,1,big_red47,2
s1nwcj,13,Rleonardesigns1,0
s1o3yf,5,Evening-Turnip8407,0
s1o8nz,7,Lunatunafishy,7
s1nt02,7,Private_Mandella,3
s1nvb6,4,caduceushugs,0
s1omue,12,Trontotron,1
s1oph7,45,heavenstarcraft,5
s1ouvv,5,ThrowRA052421,14
s1oltd,7,okiie_918,8
s1ovh5,4,BenTramer1,4
s1p1s1,5,amami777,11
s1p1sy,1,Putrid_Acanthaceae,5
s1nwbe,271,deez_treez,15
s1p08l,15,otakufaith,1
s1odz3,22,PartiallyAdequate,2
s1p49t,5,chameleonmez,8
s1nwiv,6,PeterPanLives,4
s1nto1,2,RandomGuy92x,6
s1o11d,10,lasersounds,13
s1o515,3,toukichilibsoc,1
s1nwdu,183,jonmpls,7
s1p4aw,1,adminnyakaka,0
s1oslj,7,TheSiege82,4
s1nvrc,174,Impeach-Individual-1,23
s1nywu,12,basilosarus,8
s1p4la,2,supernachigo,9
s1nr4d,5,trueslicky,2
s1p2e1,42,onlyforthePaulAMA,3
s1on0p,4,FreedomFromLa,2
s1oqij,91,Reclaimer78,11
s1oz9w,16,hail_the_cloud,1
s1omon,24,inFINN1te,20
s1ongy,13,HappyDude2137,24
s1p21w,5,SomberThing,8
s1nt9y,1,oatmilknotsoy,2
s1nprj,9,weevo23,1
s1opke,6,Shaphier,7
s1ny86,0,AkapandaxpandA,3
s1o9ae,2,The_Peeping_Peter,2
s1odwe,15,andrea_cannizzo,36
s1o0yc,1713,10piecemeal,38
s1onkx,0,Walleyabcde,57
s1od6o,3046,teamsameteam,120
s1ohjf,1570,ripsrepsnrevelations,78
s1ns07,604,coral666oreos,165
s1of7b,442,vaultoverseer85,191
s1o6yw,1891,plzsendbobsandvajeen,315
s1mr0x,7,Bruce_Wayne_Imposter,0
s1mny2,16,super__usurper,1
s1mq3r,13,Ok-Amphibian873,5
s1n7m9,135,poisonivy47,3
s1n7pr,2,stonksandsolana,7
s1mv0x,4,Haggem,2
s1n4ew,1,npmbad,1
s1nd7o,1,throwaway4747444,1
s1mnrr,50,hermanhugh666,1
s1nh2k,1,valueinvest77,0
s1n62n,1,Wildcat42O,1
s1mpv5,25,LongjumpingMess9248,2
s1my8x,26,BigEd1965,4
s1mizm,4,GrouchyBunny,5
s1mio1,9,RhiaDiaz,0
s1mjlc,641,Tyler49er5,6
s1n8rh,5,electricturnipdotexe,3
s1mmu0,3,Ash_Grey,1
s1ms04,1,1sa1a5K1dn3y,0
s1mfac,0,sjpllyon,11
s1n2j9,24,Irish19c,6
s1nde3,0,Pix9139,1
s1nblg,28,Classic_Reference251,1
s1mrjj,21,dissidentaggressor6,9
s1mzw2,10,poirotketchup,2
s1me6q,31,holdenking5150,0
s1mswu,4,Available-Mango-5016,9
s1n7zt,18,brightlights85,2
s1muee,68,yuritopiaposadism,4
s1na3x,8,Agreeable_Common6378,6
s1mwqn,310,lsc84,12
s1muqe,4,TheSt4tely,3
s1nh1f,4,Ncamftw,2
s1mtr8,53,Wellsley051,12
s1njyn,11,Moofassah,5
s1mmyn,20,Blankdabank,7
s1n44a,7,thecasualabrasive,6
s1nj4z,20,r4rBrok,3
s1mtln,26,lady0rthetiger,2
s1mfu2,95,FjohursLykkewe,20
s1mwfi,4,holdenking5150,6
s1muuy,55,K-tunLightbringer,4
s1n1ks,90,Umm_like_okay,5
s1njv7,4,Ieatvegans3000,7
s1mucl,5,BubonicChronic686,27
s1nhnb,20,Hiraganu,6
s1mwdw,0,warren_aircraft,1
s1mesf,7,tcblock,7
s1nh8m,15,br377,4
s1ndf3,14,DeadFishMB,15
s1newn,29,Zael913,21
s1nl60,3,AddisonNM,8
s1mhi6,673,bumpingducketz,14
s1mnen,5,swinefod,20
s1n3dc,67,Rich_Construction_85,14
s1ngnp,10,Icewitxh,11
s1n7fo,0,jacob_yarBro,2
s1mme9,31,aibaron,10
s1mxdk,5,saltysnatch,2
s1n4v3,31,SlevinScags,5
s1nlxj,7,Happy_As_A_Peach,7
s1n5pa,29,cfgregory,1
s1mpj3,9,Sure_Success_5785,1
s1mlvv,23,BestAtTeamworkMan,14
s1nemq,19,Yeadonian,5
s1nes1,2,YodaPopz,2
s1mk8h,8,scpclr5tz,1
s1ngo1,40,Happy_As_A_Peach,39
s1nk5l,22,Climatique,2
s1nf5l,77,Good_Will_Toking,25
s1n9df,4,Creepy_Version_6779,3
s1mk8b,2062,malvarghjgh,101
s1nchf,4180,TheRealGuyDudeman,48
s1mewp,3,Drpoofn,1
s1mkvg,9716,Nipag,145
s1mqca,755,TheSortOfOkGatsby,97
s1mo24,8856,wisghjghjgh,206
s1lz96,1,Time_University7263,1
s1lb9w,2,AssignmentPlastic,0
s1lg3s,8,brianohnooo,1
s1lyf0,7,Isidoro23,0
s1lewp,4,Robespierrexvii,3
s1lhyz,12,PickeledDoughnuts,1
s1m5tr,3,ParanoidParanoids,5
s1lz1x,4,wanna-be-wise,3
s1l9n0,2,jazxxl,0
s1lfr0,4,forgetnostalgia,0
s1m74t,23,Infamous_Platypus953,2
s1ln5b,1,EggBasedBrain,1
s1l9d7,63,rtslaywood,1
s1lydg,8,necroblaster666,3
s1lg49,1,EmployedIGuess,1
s1laly,1,Gas-Short,1
s1lmx6,1,nates_radio,0
s1l9af,4,burn622,4
s1lfwq,4,BurritoBarfoBelcho,1
s1lps9,1,lmnordin,2
s1m5wz,1,adminnyakaka,0
s1ldx9,2,4everAn00b,1
s1lw60,8,HalseyPlzHoldMeDown,5
s1lgwc,117,user_9980,12
s1laun,75,TheDemonHauntedWorld,5
s1lzsr,7,natehg,2
s1li24,9,JC_Vlogs,7
s1lf6m,35,Titzleb,9
s1lkuv,3,Delicious_Print_803,2
s1lmtz,8,Psychological_Tear19,3
s1ltg8,5,KingKandyOwO,3
s1lhr0,1,OpenSquqs,1
s1mcem,25,DitzyWhooves,1
s1lpbx,1,wanderingmanimal,0
s1m8ox,5,SenLimberLegs,2
s1lo7p,3,lthomasj13,1
s1lqbn,0,optimist_cult,10
s1ldmv,28,Ragoma,8
s1lttx,7,Straight_Finding_756,0
s1l917,8,renatomello,2
s1m4i4,17,Westernwolf95,8
s1mchj,6,myuzahnem,0
s1lfq0,3,02K,1
s1m4tv,19,Neoprastrism,6
s1m4q2,12,MaybeItWas8IEt,22
s1mcyu,5,nycinoc,4
s1lcqu,3,acornett99,3
s1lk5y,377,Stretch6831,8
s1lxry,0,oskarege,1
s1lquv,5,scruffy-the-janitor1,9
s1lhhl,211,SkepticDrinker,18
s1lt7d,9,banky33,1
s1ljoq,3,Zeligmom,11
s1lovh,5,spi440,2
s1ll3s,9,mathewfoggo,1
s1lt8b,3,krishknightrider,7
s1lkqu,3,Eastern_Active9150,8
s1lc9e,8,VoltedPhoenix,5
s1maf7,7,HeyTallDude,15
s1m811,3,Blambinooo,10
s1l9ft,1,Glittering-Kiwi-6206,0
s1lq6t,5,dbusteed,4
s1m9ou,5,remembertracygarcia,12
s1mdkh,0,Throwawayr4rrrrrr,18
s1lh7w,8,hyperinflationUSA,24
s1md7c,5,TheToeNinja,2
s1lzf6,34,Winter-Owl1,36
s1m018,21,EarthBaby87,13
s1ltmn,0,PotentialFine0270,12
s1lpnm,54,Worth_Mud_6123,15
s1lo93,3,aseriesoftubes337,2
s1m1da,22,FreeBirdFitness,9
s1lxq2,3,swapcop,2
s1ln9j,413,Bananplyte,12
s1m5vw,3,XGN_Freshly,1
s1lsp8,0,sjpllyon,13
s1la2x,8021,Satkye,51
s1lp3x,29,Thekidjr86,72
s1luvt,3477,stoascheisserkoal,101
s1lygz,6798,kevinowdziej,422
s1k9ma,28,Jesucrypto22,0
s1k30j,6,t1mu1,1
s1kbh5,4,Weeiam,1
s1k6po,8,Incogyeetus,3
s1k44l,16,ryanbuddy04,3
s1k3yu,6,funniestusername69,6
s1kop0,1,evidentlynotso,3
s1kwah,7,MrInsomnia_,0
s1k4j4,2,cacatua324,4
s1kkai,3,Slapinsack,4
s1kpbk,6,silgol,1
s1kif6,0,Una-piedra,0
s1k5dd,5,theprobamatic,4
s1kl9t,0,zqmvco99,2
s1kmfu,1,adminnyakaka,0
s1keb5,9,Hard2PickUserName,2
s1kx8o,0,argragargh,0
s1kpjs,3,jabbertard,0
s1k8l8,3,toxicpenguin03,8
s1k91v,23,M0RALVigilance,4
s1l0n4,9,TaffyMarble,5
s1l84f,3,AssignmentPlastic,0
s1kd1a,17,OfficialUNESCO,6
s1kinq,3,ABentFairy,1
s1kr9i,9,MonstaRasta,3
s1kzql,3,Ancient_Dinosaur,1
s1l562,7,Grissa,0
s1kwsf,3,Reckless_Renegade,0
s1l1ow,15,lulubel42,1
s1kj37,2,Chaotic_Catherine,11
s1k7h9,5,IAmAnyPerson,3
s1klcd,4,Silverwolf5596,1
s1k1sd,6,SlowCym,8
s1kz5h,17,Truth-is-absolution,8
s1l3c9,5,SpiritOfPines,2
s1keti,1,SubstantialThroat243,6
s1kxmi,5,TheFinalBannanaStand,3
s1l5dh,23,parrothead_,1
s1kxi4,22,SadWithASideOfRice,2
s1l4f9,10,drewy13,8
s1km71,131,Andysine215,4
s1l5ve,8,drxgxnnn,4
s1l3f8,5,Life-Skeptic-12,2
s1kudw,2,Yellowfury0,2
s1kb8a,11,respect2Brespected,10
s1km2o,31,KillerWhelp,13
s1l8oa,7,Fourth_Mind,9
s1kyy9,6,feelybear,6
s1l1xu,10,Steak_Tips_Rare,12
s1l8go,573,iam_adibabe,7
s1k24k,38,robo3473,23
s1kiil,26,Tirno93,0
s1k7xo,0,malikzaheer002012,0
s1ka9f,20,demondaddii,15
s1l13w,4,Eddiebaby7,1
s1l5zr,5,trevor_of_protopia,1
s1kuk7,14,Distinct-Print7958,1
s1kaug,0,daaaaath,4
s1kd35,24,Dawsrallah,3
s1kejv,5,Dataeater,1
s1k9t2,2,ipunchvagina,1
s1kg89,272,Hunter_Este,31
s1k5d0,5,TechieNurse,1
s1kylg,11,unquietwiki,1
s1kqcs,9,gumdroplemondrop,28
s1kifx,0,T_H_K_,38
s1k5eg,37,CrypticButthole,41
s1kjlc,41,Animal__Drums,22
s1l5bs,15,bestaspect,14
s1l156,1,Gdl9236,46
s1kiz4,418,HaddonH,57
s1l6ut,10,Longjumping-Fix-9986,1
s1k8sk,339,Thorway25,74
s1izdg,1,taf1u,0
s1j22z,7,jdimmell,0
s1izjn,1,PeteyPete64,1
s1j73c,1,Spicygyr0,3
s1jfo7,6,cizzastle,0
s1is8v,11,Cheap-Season-7430,2
s1irir,3,Gold-Dog58,1
s1jl3x,18,NemoAtreides,6
s1ja6h,46,jacklocke2342,2
s1ishd,2,socold43,6
s1jas0,1,fireguypa,0
s1jy2i,4,misschair_427,1
s1jq0i,19,capnbarky,7
s1iuu3,2,Twice_Shy,8
s1jujp,16,bignaturefan,4
s1ja9o,2,captainbeazy,1
s1jie7,66,backmost,2
s1j7jr,7,DanDiesel420,0
s1j0c4,5,mbdjfdklgi,2
s1jeh3,26,gabstroyer,12
s1iqfb,26,uglyslurp,4
s1juax,11,Saltz88,6
s1jti1,2,Electrical_Air3329,3
s1iulx,3,Bonuscup98,4
s1izs7,9,cuddlymilksteak,0
s1iowx,0,Practical-Smell-7679,9
s1ipcc,2,MotherOfPuggleKids,1
s1jy3g,5,Lemon7790,2
s1jhmv,4,sitra_akhra,15
s1je39,3,throwaw909090,12
s1iqf9,5,winterfells_ghost,4
s1ivya,57,piliogree,6
s1jt6o,8,Celt42,3
s1jwhf,28,_neverland29,8
s1j2x2,1,SomeGuysThumbs,4
s1jd6w,4,Tsilibithras,2
s1j37u,10,Throwaway936292,2
s1ipln,1,WaffleSelf,11
s1jyyv,1,ThenIGotHigh81,5
s1jmwl,9,nhart427,4
s1k1c4,8,Fortiman,2
s1jppy,4,Shifae13,3
s1jrer,36,Throw10111021,7
s1irs0,18,eveegrant,7
s1j956,6,bUFO_McKenna,4
s1jk67,101,Shulginx,21
s1is7s,33,flashi007,7
s1jn1a,2,Relevant-Round7785,4
s1j6jb,5,Salmon_Of_Iniquity,16
s1iv8t,10,Bigmeatyxclaws,10
s1ircs,1,Hukam9870,0
s1j7eq,33,QUOWN,8
s1jg9k,3,Emotional-State1916,16
s1k1ji,2,Brave_Dream_198,2
s1ixgk,72,WeebWaug,11
s1iuvt,0,haZardous_wreck,19
s1j5ty,0,Aggressive_Nature_44,7
s1jy6s,10,condemnatory,30
s1jt1e,5,Dangerous-Habit1886,12
s1js8s,2,IonlyusethrowawaysA,20
s1jnax,50,Chocolatethun64,25
s1ivnh,4,ExtremeConversation8,27
s1j1k4,7,theworkeragency,3
s1jmop,338,Rickys_Pot_Addiction,29
s1jphh,2,MaraMerce,3
s1jgwf,1,Delam2,5
s1j0zv,5,Operation_Lull,1
s1jy41,6,_Foy,66
s1iy9o,607,goodvibezone,53
s1iz4r,254,Felonious_Slug,55
s1jagl,164,rat91,125
s1j29a,12,narfnarf123,87
s1j80g,2401,th3raid0r,145
s1jc2a,2238,krampustiltskin,166
s1j1qk,12175,sunflowerslime,306
s1j6l6,12554,Andysine215,574
s1i0ct,9,jeslmcm,0
s1i1np,5,hphammi,2
s1i17m,2,PotDonna,1
s1hz62,3,1001VicPics,3
s1icbq,21,SnooSquirrels6758,1
s1i1yp,2,TheUpsetMammoth,6
s1hbt5,2,Misfits4206969,2
s1hipg,2,Sarin_Sunshine,0
s1htag,3,onlyforthePaulAMA,2
s1hh8m,13,CaptainCanuck13,5
s1hfxj,6,krunk84,2
s1ik3v,1,GNRbraintrust,0
s1hbjs,10,3xplo,4
s1hzg7,113,Loveilove,5
s1hfis,1,AngrryMarmot,1
s1hcoe,1,Big_Regular947,1
s1i0z0,6,Icy-Resident-9598,7
s1ia9h,13,learn2shoot9mm,1
s1hhii,13,ugivemeadollar,0
s1hjig,27,Small-End2678,1
s1hjti,1,JefferyjeffersonMD,1
s1idqy,2,Sir_Reginald_Poops,5
s1hjh6,1,adminnyakaka,0
s1hob4,1,moonuso,1
s1ilcf,9,Chickenboigas,2
s1hp8n,143,Throwaway7711x7,8
s1hm4e,3,Rusty_Hotdog,5
s1ie49,7,Alive-Fortune-956,5
s1ikur,3,C0gSci,2
s1ilpg,4,NW360_Sm4sh,1
s1imix,1,Over_Home4848,1
s1i9vg,11,BlueMageTheWizard,9
s1i52k,5,CoolHwhipMike,5
s1hlj6,7,snazzybanazzy,5
s1ib9e,8,crankyshark_A_,4
s1hcph,4,RelativeLawfulness15,7
s1i5vj,6,FartFace319,13
s1hkfx,12,emptyandforgotten,5
s1ikis,3,Training_Egg_9829,2
s1hk0w,13,_copper-boom_,5
s1hj19,8,fia-med-knuff,12
s1hyav,0,StragusVex,9
s1i31a,67,JellyBelliesOnFyre,14
s1i0s8,211,natertot86,20
s1id0i,9,Skramer94,5
s1hhjp,2,Tana_707,9
s1ime8,22,Islandbro96,8
s1hg5o,5,Icejjmammal,6
s1hjpk,3,MrPnutButter25,4
s1ik61,2,maywander47,0
s1iczh,9,purplelephant,4
s1ia25,8,HolidayInn-Cambodia,12
s1hki1,8,FranTheDepressedMan,11
s1im6a,7,AndrewReily,4
s1hcti,1,kameymall0,1
s1i2ti,29,koalaKingKush,4
s1i1xm,39,NiceAccount74,28
s1hnbn,33,emotightpants,11
s1hj56,36,starbucks_union,11
s1hprr,13,Shneebles518,1
s1ic1r,2,Capable-Homework-200,9
s1i5w0,575,LazerBang,18
s1i7jm,5,Formal_Consequence40,5
s1inpv,2,rakeforkchicken,1
s1iomm,20,KimchiTheGreatest,13
s1ikio,313,Timedoutsob,19
s1ib5n,2554,hushitsu,30
s1ijeq,1029,mahouyousei,18
s1i54f,551,TheDoubleDan,33
s1hwbj,127,sgguitarist94,24
s1hfsr,27,NutmegGaming,32
s1hs54,26,Buxethude19,10
s1ht3n,1738,ExpertAccident,38
s1hhxr,1344,AKsandfire,73
s1i561,3517,coopers_recorder,240
s1hbfn,11319,fml198,619
s1i9ye,21151,lauragarlic,495
s1gjtt,2,Minute-Advertising-8,0
s1g1gi,3,Toxic_Zombie_361,0
s1gkfe,9,evilsibe,2
s1gdmw,7,LudovicoSpecs,0
s1gvq9,0,mesoraven,1
s1gu7z,6,CalmBug13,0
s1gdno,4,StationVisual,2
s1gw1v,2,Zenerte,5
s1g4lg,8,TheLittlestTiefling,4
s1gw0c,7,thanasix,12
s1gdvr,2,Dobanyor,1
s1g2o4,16,CptProf,3
s1g4o7,0,BleezzyInAZ,4
s1ghka,39,RogerManner,1
s1h3o9,7,Paolo2ss,2
s1fzn1,1,adminnyakaka,0
s1g12e,48,MusicPythonChess,10
s1gkqt,2,indycarpenter,0
s1gpfu,7,spicy_pierogi,2
s1h4ak,4,ProfPostman,1
s1gcbf,5,surfkaboom,3
s1h2qh,1,FiredCosOfBrexit,1
s1h74p,1,gonzosjournalism,1
s1h8l1,73,roberto151st,0
s1gc59,51,robdelterror,1
s1gtwe,5,Ok_Salamander9408,2
s1glev,4,sevrillous,4
s1h8nm,5,nox_6,0
s1gwag,2,silent_g_in_lasagna,7
s1glj5,9,Bakedamuffin,1
s1h5q6,20,JamesKBoyd,6
s1gui4,8,_cliff,2
s1g02a,63,Independent_Space_29,10
s1gjxd,12,squarevenom,2
s1g2a3,15,Consistent-Durian644,4
s1gfg8,6,parsteel,11
s1h2lg,10,mid30sveganguy,4
s1glqq,5,hahahoudini,3
s1gsix,8,Noncompliant89,1
s1gwqf,52,Ok_Letter_9284,11
s1gnpl,4,ohhhhbitchpleaseeee,8
s1gzbd,13,Sexypsychguy,20
s1grx1,4,DallasDuderino,9
s1h7ij,86,LatteGal,6
s1gquf,2,Skamanjay,3
s1g48t,0,sailormoon42,8
s1fy2q,19,watkinobe,7
s1gdjq,30,kramer69420,18
s1fw5y,17,Nettle15,6
s1h2qz,1,Glittering-Kiwi-6206,0
s1h6ru,5,epapi169,9
s1gltm,31,ConfusionRS,9
s1fwxk,13,peabut_nutter,8
s1gozd,2,Substantial_Rise3318,14
s1gcdu,12,Throwaway_06072021,10
s1grbg,11,SweetPotatoStud,12
s1fwla,8,IndependentQuiz,14
s1h03t,6,piccolo917,0
s1h8ds,2,WAtreeboi,3
s1fwge,2,Kinkinhas,8
s1gn4i,7,WreckedTrireme,8
s1gqny,5,Kayragan,17
s1gww2,2,bottsking,20
s1h053,2,Disastrous_Toe_Jam,1
s1gr0a,2,Brief_Ad5177,2
s1glvt,10,ntack9933,3
s1gaf6,6,shiddypoopoo,2
s1g6o7,1,ElliceBailey,0
s1gh6s,61,moistgarbage,24
s1g6o4,0,ElliceBailey,1
s1g9bp,259,Vertigobee,61
s1gg4i,173,PopDiddilyBop,64
s1h107,2011,greenmeensgo60,52
s1gzjp,135,Deep_Tip3060,81
s1h63i,8226,Objective_Reality232,286
s1gf5b,9542,sk169,430
s1h10u,34,Lo_Innombrable,0
s1h2ww,2834,scarlettebbw,1843
s1esvn,0,EchoTech187,0
s1f713,5,koinoyokan89,1
s1epce,14,crankylinuxuser,3
s1eyxb,15,Tupaccalled,0
s1f8qn,3,MistahChuckles,3
s1es3p,7,Objective_Counter834,0
s1eqn2,5,IrrelevantMeatBag,6
s1etir,3,DowntownAtlResident,3
s1faem,1,Cros-s-,0
s1f5x6,8,AdEducational9754,5
s1fcaj,2,mosquito_joe,0
s1fpkj,1,siyaaa13,1
s1ek5d,30,GachaLifeReavus,3
s1fdlm,10,LCARSgfx,2
s1fa7q,19,axron12,5
s1en00,127,jj_maxx,4
s1etkh,38,haywoodublomi,7
s1fk09,7,gregsw2000,0
s1fm8k,3,silas_br,4
s1f7sx,18,Additional-Host-6143,3
s1f99t,2,jonx1992,2
s1f6as,11,myopini0n,7
s1feno,0,eric_chambala,4
s1fovu,3,T_H_K_,5
s1flxj,3,Irish_Mercury,0
s1fuoz,7,JohniiMagii,0
s1ettb,3,EmperorStark,8
s1elmy,7,stephb4252,2
s1eyz8,32,tofudisan,7
s1ew71,0,JSagerbomb,5
s1fkx4,33,craigske,3
s1fkpb,3,fwt2003,3
s1famz,3,SerendipityLurking,0
s1f92e,14,Important-Ad-7222,4
s1fhqp,2,JohnTheFoxx,3
s1esj8,174,Altruistic-Diet4013,9
s1ersy,181,kashmirs_tiger,14
s1fl6a,9,Aggressive-Bridge480,0
s1eohf,7,margilove,3
s1eubb,10,Beanz722,3
s1fsoh,8,Crying_Dutchman,6
s1fo7e,1,Fuzzy-Ad-9354,1
s1fq9f,378,cannotberushed-,8
s1etoi,8,morallyirresponsible,2
s1fuc3,3,yes______hornberger,3
s1ex18,5,Andysine215,0
s1fw2v,0,Relative-Ad1522,2
s1fmh1,8,Normal-Ad6528,5
s1ft4q,1,Glass-Awareness-4170,10
s1fubd,5,hyperacusisrelief,3
s1fu3c,71,One_Man_Riot_,4
s1fd6m,6,geckobxtch,6
s1fp67,4,Scouts_Honor_sort_of,13
s1f7s9,5,hasminareddit,28
s1feg2,18,GizatiStudio,10
s1fr3v,3,cheesykilter,25
s1enjq,4,handle2001,3
s1fc31,204,morallyirresponsible,5
s1fr04,3,stonerplumber,1
s1fccf,96,Groffulon,7
s1ewnt,73,No_Basis795,42
s1fq2d,8,Shadowmant,10
s1f6yv,156,that2ndperson,34
s1f5fm,13,forafewmaxesmore,53
s1fi06,219,DumbPixelNFT,105
s1eof8,44,scp-507,93
s1fdjr,3374,GlitchCorpse,97
s1fff2,264,Philosopher-Flimsy,85
s1fbol,4390,mnlxyz,229
s1fa8f,1882,Responsible-Bug-7014,242
s1ejiw,1565,srslybutts1,137
s1exv3,43640,jc201946,880
s1e8km,7,Mama_Mush,0
s1dxz1,0,HanDave,0
s1ec7w,6,jc88usus,2
s1dul1,4,Intelligent_Ear_4004,1
s1e8zz,3,Melody_Maniac,3
s1dz6h,10,InevitableElephant57,1
s1eap0,9,02K,1
s1d3t1,5,nebagram,1
s1dx2x,2,Sarcastic_Warrior,2
s1dz74,10,davidducker,9
s1ehai,118,andrewinthemiddle,1
s1dahh,9,chris17533,2
s1dlhp,0,Spiritualjourney2022,3
s1ds13,0,ThePseudoSurfer,7
s1duq7,9,jimmyjoe345664,5
s1eicn,8,Stinkmink9,0
s1ejb7,1,adminnyakaka,0
s1d8eh,1,Existing-Memory-4763,1
s1ddf1,10,BuckyDeservedPlums,3
s1dqaa,1,LaVie-EnPink,3
s1edfm,48,MikeAsbestosMTG,0
s1dbyo,5,dresseme,1
s1dxi0,7,set-monkey,0
s1d1cb,6,Gruntsky,2
s1d22m,8,Skilad,5
s1e9fz,1,tossawaytossawayho,1
s1e7go,7,eekz-,2
s1dlk8,7,sweatpants-macaroni,12
s1ehec,26,condemnatory,9
s1ed6n,1,TeQbuddy,1
s1e4mh,3,Purple_Yak_5314,1
s1d9e1,1,adminnyakaka,0
s1drv4,18,fingers,2
s1dt5t,5,SomeSunnyDay123,9
s1eevj,1,EntrepreneurialSag,7
s1djcp,62,inde_,4
s1doje,3,centurion005,0
s1ed81,7,anzacat,6
s1ef1r,3,ReefJR65,6
s1dljy,9,AsianBlackMarket,5
s1d4k4,7,Neither_Marsupial_27,14
s1de8g,6,Ok_Assumption_8288,5
s1df6a,15,lovelights09,8
s1edil,10,sleeepyfawn,5
s1eiku,3,Sunsnonhorny,12
s1ds8l,53,djinnisequoia,15
s1e1dl,0,wetassmango,12
s1djvi,22,protojoe1,15
s1eaar,2,Electrical_Casper,17
s1dof4,143,LeCriDesFenetres,15
s1edzu,10,achimasi,13
s1d3tf,72,jakelazerz,18
s1da0b,5,InkPaladin,3
s1djzl,2,Mimosa_Coast,1
s1dytr,124,crankyshark_A_,26
s1dgx8,281,BABYEATER1012,16
s1dtlh,95,yet_another_sock,20
s1dxl4,20,DannyLameJokes,17
s1e29n,40,obx808,9
s1df0t,10,CleverKoi,6
s1dfs8,1,Bobbey,1
s1ec4l,942,zippitydoodiddly,22
s1ehen,6,DM5ElkMaster,1
s1e0eo,0,whenisitenough1,45
s1d0jc,353,koalaKingKush,31
s1di91,11823,StephaneiAarhus,13
s1e8i6,311,LicensedOrphan,30
s1dvmz,7,EnvironmentalBug1227,70
s1dgbz,1378,GrumpyGit1,102
s1cyln,3585,graewick,496
s1dzdb,0,CryAdministrative667,0
s1e52t,14646,sillychillly,1285
s1d2hx,4546,OkGuest0,1269
s1deoh,121523,TheOldAngryAnus,4896
